,A,B,C,D
2000-01-01,0.6568463457434626,-1.397112560566369,0.30410963963502574,-0.10823759066213794
2000-01-02,-0.564275909508912,-1.1232506186173883,0.3925634257676798,0.2934515126543315
2000-01-03,-1.6568999641097586,0.7683404437159993,0.09259871963136718,0.440958016328722
2000-01-04,-1.098213145369565,-0.7975285933845537,0.6427302727228474,2.1745086064878376
2000-01-05,-1.313630209964394,-2.4096244434786875,0.7113277332076735,0.8481210617927655
2000-01-06,-0.171150235391065,-1.4271616458003398,0.862574441861157,1.127845978882087
2000-01-07,0.34855795203795525,-0.3070028327830394,1.2082399263447146,0.6828413121100503
2000-01-08,-0.22847522108998242,-0.30649267502958116,0.11261808721661404,0.380051259144817
2000-01-09,-0.696920471847764,0.8835187724585811,0.03170793590869417,1.1394050728898608
2000-01-10,-0.06973059047755936,0.7822290411828652,-0.08277589307681961,1.656717490972923
2000-01-11,-0.5143028387815614,1.3800866482408214,0.5385088184552733,2.600431000007026
2000-01-12,-0.633667997663993,1.2024203678078405,-0.04359400233165445,1.3519513612314276
2000-01-13,0.682100695752385,2.1827160489369417,-0.10763066501295583,1.572568806467281
2000-01-14,2.5451547911809826,1.6229806696228999,0.360527127439168,2.8235578946990305
2000-01-15,2.4116147622028983,0.9137746213337422,0.14303583394014666,3.1577840626006353
2000-01-16,3.2765577194777142,-0.6951305468084842,0.7155550409077492,2.4283230204589366
2000-01-17,1.165704645653693,-1.6435181303943687,2.3224152723001104,2.887440048050186
2000-01-18,0.11707786681984778,-1.6873538496238452,3.1267431279578695,4.574690728616087
2000-01-19,0.556697995570999,-2.161480029398396,4.344220995872808,4.524158788270955
2000-01-20,1.2320115849089994,-0.8623938717132165,4.315145303469426,4.785239590788613
2000-01-21,1.1027001467740574,-2.0111939707388897,3.7912600588863414,3.819379543429395
2000-01-22,3.248170986905219,-2.519651726415963,5.727176180850354,4.564939013762585
2000-01-23,5.684956108386586,-1.5410265487546542,4.865188371709442,6.5156499850300005
2000-01-24,7.3707418450761875,-2.018684616610916,4.273528193087917,6.0619441221855075
2000-01-25,6.732198468170886,-3.190954708767607,3.1285840033408263,6.014510919577159
2000-01-26,6.481905909048258,-2.5210807854295356,2.7286025988926528,6.362646809216143
2000-01-27,5.85379811929127,-2.5145852744633204,2.7469216011512554,6.02878856093654
2000-01-28,7.001476766448749,-1.71094380636795,3.8115532052095604,6.346213804235052
2000-01-29,7.171664716616817,-2.21954222047002,4.446078406920304,7.286687958044637
2000-01-30,8.977178644030108,-2.7247947852585748,3.3816661286831975,7.889010580042313
2000-01-31,9.96169615830521,-1.1589266600922834,4.922735496624423,8.444650651316595
2000-02-01,9.833248838814493,-0.9195173434409678,4.155072529232388,8.039153688703085
2000-02-02,8.326659524569717,-1.4492305163554517,4.674441727343963,6.885956483285598
2000-02-03,7.75231597681684,-1.5040912893887741,6.681905459808419,8.551888729719808
2000-02-04,8.852900218972065,-2.359337780198671,6.145930321656314,9.169336519509343
2000-02-05,7.1339754927092836,-0.7873760137789898,6.235944116916884,9.637055070536984
2000-02-06,7.548274800465524,0.5742404227151581,9.027215300058925,9.906230013639496
2000-02-07,5.932211269140496,0.8368504514440589,8.35012983154243,10.230458168218197
2000-02-08,5.386559190192238,-0.5844894362662614,8.752538999020665,10.967060129164224
2000-02-09,4.425042180929765,-3.043123383868644,6.130839311692165,10.897990792774438
2000-02-10,5.015694387582612,-3.2401098740146645,6.405230854585912,11.676460028138411
2000-02-11,4.573784554691213,-1.0695474896758537,7.684947490887825,11.040559999536061
2000-02-12,5.354198881447605,-1.0904374529204077,8.79857970023289,11.061367894294703
2000-02-13,5.539042419997939,-0.5740722396005242,11.130022798426445,10.512004448216988
2000-02-14,4.860557904500446,1.6019005946819342,11.291247431121482,10.347660452763265
2000-02-15,5.891308696893864,2.1494329993948207,10.466716075210849,10.69689121715952
2000-02-16,6.063320757328379,2.8441965619279816,10.133968925894939,10.199816308906199
2000-02-17,6.130665706288874,2.1951340757042206,10.751668431021153,9.563789170481904
2000-02-18,4.048413507900497,2.993812972638067,11.470845064545278,10.085215918365032
2000-02-19,5.48157119700648,3.189393994417677,10.17831812156552,9.324269504643043
2000-02-20,3.4367521192992423,2.0842365659410316,8.383670779228845,9.577805254829617
2000-02-21,2.1445410293109743,1.5436124714806678,8.148188341461315,10.327866499818326
2000-02-22,1.5782890960432927,1.6922801164973604,7.659607977264723,10.523474126273857
2000-02-23,3.318994390367303,1.305417087949571,6.68113764066036,10.914399366108192
2000-02-24,1.8098350476735459,1.5136485362966592,6.07925396360887,9.798779090970362
2000-02-25,2.1212380703825944,2.3016997850425263,5.352791235057614,9.71098203948056
2000-02-26,2.976449706549075,1.5146084600652032,4.324892419353655,9.132836316532476
2000-02-27,2.605949334586899,0.35988325114617736,4.05408709183074,7.396528708525505
2000-02-28,1.5244877382335413,-0.050508243901480454,3.3758879282705205,8.786630232402343
2000-02-29,3.8691580377794654,0.1700857694168496,2.0630887429796507,7.693711947652433
2000-03-01,4.744377254996603,0.42131434055437306,1.5413191744267718,7.470191159634843
2000-03-02,6.347315222875057,0.8545368187552367,3.176055268158189,8.866799541241107
2000-03-03,5.320863968553431,-1.0249369341991512,3.383797788468051,9.023430834210558
2000-03-04,4.356102711112268,-0.7745210323946075,3.7594593446582625,7.822583349784537
2000-03-05,3.9092269281899665,0.7095325151086316,3.397200238649514,8.49627576933382
2000-03-06,2.999748975273168,0.9700487396609787,2.8061818103945138,7.766236332634222
2000-03-07,3.119145186411728,-0.1996609051797824,2.9834356405245996,7.321291563504639
2000-03-08,3.0022565395469116,-0.16341505983037885,1.511580189456856,8.44184125716791
2000-03-09,2.1653249815337277,-2.151485964523811,0.16414237557541367,8.421351196084327
2000-03-10,1.060953944811219,-2.5121564681003843,0.8564714540608033,9.090425164154743
2000-03-11,-1.1301847257667128,-2.239565596265774,0.46435548778566527,10.337889881974265
2000-03-12,-0.7887821199995615,-2.341972501097001,-1.9507939622764996,11.292786942118108
2000-03-13,-0.8427206922771536,-1.696095764070916,-2.5860867100828386,11.72904938547216
2000-03-14,-1.5446239411073184,-0.7225979503577051,-2.576237226999937,12.234038622192166
2000-03-15,-0.911761189570106,-1.1190388522943073,-4.613941334883671,11.670335077565687
2000-03-16,-0.9434791677625343,-0.5552786424999997,-5.075304190387304,13.846831296399477
2000-03-17,-0.9255577520235784,0.07961621157222676,-6.004233145777631,14.787894253256992
2000-03-18,-0.29650049121897415,0.49056850221090986,-7.079402825470936,13.166027895533773
2000-03-19,-1.0871118299856815,0.1897650550681909,-6.932443864612784,13.824632317034864
2000-03-20,-1.9583672487927575,0.4777634897729271,-6.134489472862387,13.221257212948203
2000-03-21,-1.4075128846871947,-1.3102969999061782,-6.251258283824369,13.023776492738222
2000-03-22,-1.2552516270563858,-1.9028819133773878,-6.692463774576251,12.74281297467336
2000-03-23,-1.35622321879714,0.5671467337515068,-7.890588893124604,14.350801554770191
2000-03-24,-2.072086213694257,1.3152994974336674,-8.365186516445837,14.023467586925094
2000-03-25,-2.4551232005939365,1.0180128584404273,-8.832944933012314,15.219715287794386
2000-03-26,-1.6994217924361597,0.7258586392847256,-8.540786766285665,13.264432342316761
2000-03-27,-1.2749959474106225,-1.830877155251617,-8.528577826209736,14.128154178783374
2000-03-28,-0.4507137475984285,-2.3276097206240576,-8.784536372690518,12.479254032680927
2000-03-29,-0.4319991573811084,-4.77757687872415,-8.065711285083093,12.365846892413705
2000-03-30,-1.5903003572646282,-4.974344611559792,-8.17917577018253,13.196138857473061
2000-03-31,-2.7027979162352302,-4.950575151627289,-9.09787089837057,11.432194640582203
2000-04-01,-1.7140395817984702,-5.144933553388944,-10.518977749933427,10.904944129962598
2000-04-02,-2.0278599298037703,-5.023996182736318,-7.376678745729624,12.476221067411906
2000-04-03,-2.939306925232697,-5.964929406118854,-8.091784335409734,12.795890399509526
2000-04-04,-4.214721227042043,-6.800542356374487,-6.094944133437113,13.495575187702173
2000-04-05,-3.7571209438390545,-5.1760126721449,-6.028101634581268,12.415886906327152
2000-04-06,-2.8270813762398292,-5.398987166845612,-6.037766852006697,12.830390196473745
2000-04-07,-3.819997135609564,-5.824675727565196,-7.6838494024584625,14.8017675538501
2000-04-08,-3.6759501833144332,-6.7386383787780035,-6.390598863799212,13.063562455219504
2000-04-09,-4.516113183806747,-5.782455600707877,-5.443987835697234,13.343438985346992
2000-04-10,-4.97890436163145,-4.970850940894799,-5.402230439120989,14.279431492969994
2000-04-11,-5.056344962018327,-5.299068387847163,-4.285224432562412,16.097832190920617
2000-04-12,-5.8702438639972385,-6.0025796874099315,-3.8492160537902094,15.774954356039554
2000-04-13,-4.773093378280769,-5.647261112508818,-2.5165835793602582,16.51694152952457
2000-04-14,-6.956788776896884,-4.776266780144841,-4.714770337055256,14.728796171560333
2000-04-15,-5.0324172349948455,-5.835296461363695,-5.160836211958686,14.86607446991036
2000-04-16,-3.2253178914640594,-5.7435032454519215,-6.2357538832560895,15.235477893927662
2000-04-17,-2.164768318333024,-6.3528389642117675,-7.14080984662583,16.599378959833977
2000-04-18,-1.944182557295019,-6.405173625667688,-7.72306418195707,15.993571971278866
2000-04-19,-1.4666871663574041,-6.7828691586910335,-9.054814382845763,17.86449320323017
2000-04-20,-2.5424659149284805,-6.811729391479955,-9.14914457420991,18.55953572788637
2000-04-21,-1.1126396118584916,-6.921832307083009,-10.085275328557323,19.267028122484064
2000-04-22,-0.9093434571172454,-8.38031958765839,-11.41694134150174,20.32153291898496
2000-04-23,-1.2937974709616311,-8.613450598781505,-9.287466072592721,20.66767553883766
2000-04-24,-1.0782235873858559,-8.972904557900943,-10.433294827291363,22.403028002673224
2000-04-25,-0.3450687195591582,-6.715419429857711,-8.882243825041582,22.024194426012972
2000-04-26,-0.6848706628532039,-7.907684380731496,-8.375185620134097,20.89847951261192
2000-04-27,-2.205489381847781,-8.576246189370176,-8.13219342668621,21.40158504305853
2000-04-28,-1.8578310330530574,-7.971296801826551,-8.900730091509189,21.54985698516381
2000-04-29,-1.8164576008159141,-8.347766316975187,-8.367973394163526,22.028982395580645
2000-04-30,-2.067601059984452,-7.84359920305953,-8.208528833529074,21.69638199140267
2000-05-01,-0.7742777558618823,-7.672934574479094,-8.101558166374335,23.044812453118478
2000-05-02,-1.9081521519821936,-9.372323740915549,-6.978898052338488,23.28704340509424
2000-05-03,-3.1833577062070115,-8.958066553008711,-6.162825299505237,23.641153169990393
2000-05-04,-2.6068653100845522,-7.929242533519321,-6.989937581629898,22.936418763917793
2000-05-05,-3.2707989724882776,-6.385582015676564,-8.675205633218653,22.558992277712424
2000-05-06,-2.8121500141095943,-7.4053353589655435,-10.117448286625251,22.30381000936755
2000-05-07,-1.226476594048397,-7.908348369444755,-8.825337191224007,21.960723413557087
2000-05-08,-2.437418291376109,-8.928178025901943,-10.948510135392567,20.013467091032503
2000-05-09,-3.495023016942541,-9.023164956457766,-9.843488803310635,18.65164280210188
2000-05-10,-3.518018659239278,-7.839444633257543,-6.7473471306804935,19.067652766092216
2000-05-11,-2.8786029741288557,-8.290254518365288,-5.659968529267552,19.216027631705586
2000-05-12,-2.4539181485675523,-8.032428099933476,-5.23278204158636,19.5809587295585
2000-05-13,-3.8043509264420408,-7.842873159274213,-3.2383502034950666,21.043543640995786
2000-05-14,-1.546673606661205,-8.19826436672772,-2.531892229619052,21.828980837679104
2000-05-15,-0.05865224817062775,-9.411109435529195,-3.311152531745637,22.009380636232983
2000-05-16,-2.0342535201170615,-7.911211232484627,-2.0487958597694194,22.721369452183016
2000-05-17,-2.3765893584862456,-8.948892511524427,-1.7895388293513683,22.064917079415288
2000-05-18,-0.11652193111278875,-9.961862515635383,-0.47020017056731445,21.31621875497837
2000-05-19,0.7348262615133412,-10.427653257892242,-0.9277657602330416,20.947157739028736
2000-05-20,0.4111722538920701,-9.27822466569518,-0.34642631128052603,20.665666978316946
2000-05-21,-0.5322858155363092,-7.784695925813574,-0.1017841871181265,20.775222799021755
2000-05-22,-1.8668647909433722,-8.010312494705754,1.5820636529175465,20.72625506582149
2000-05-23,-2.0418285496468,-7.428736168957692,1.021629643174833,20.7289602189259
2000-05-24,-2.1617761833494202,-6.404682307548266,0.28686904652971545,21.38190980882995
2000-05-25,-2.3423818857035936,-7.645194256465539,1.1987950731643267,20.599951263006254
2000-05-26,-1.7651962990926284,-6.516541041109841,1.055824019741681,21.66069904933135
2000-05-27,-3.287126200088891,-5.600713138816687,0.5675380487370164,23.82239872036023
2000-05-28,-3.6404429124971185,-5.633885420850927,-0.38696943329960753,24.960015029293285
2000-05-29,-5.313467022005916,-6.617307047961687,0.7543041139144285,25.620984004305388
2000-05-30,-4.514649311467428,-8.053576982716468,1.3428688138110145,26.77400657069472
2000-05-31,-4.160250651940559,-7.678243808771747,4.528567338564114,27.048855010280455
2000-06-01,-3.3472625102098283,-7.853214979902888,1.6877887249510346,27.324664699730583
2000-06-02,-1.597970187605898,-6.39564490231005,1.4150550955133183,26.91698188647784
2000-06-03,-2.2646595979437194,-6.75716998448818,3.360319662485268,26.219724889068274
2000-06-04,-2.3488426369964155,-6.070795454939467,2.6202737541823264,25.776818018399737
2000-06-05,-2.3675061855743738,-6.938405459816838,3.310904249262585,24.7603621307751
2000-06-06,-2.4411177611608825,-8.083431541971045,2.9571292378141414,24.664802658120387
2000-06-07,-2.419044632216637,-8.258079968096494,2.1634960728416894,25.734243495961984
2000-06-08,-3.183141568846655,-8.731627267619059,2.7272026326798184,26.717631106868694
2000-06-09,-4.441847764181056,-10.026337565579054,1.5909911771966148,28.437165756011357
2000-06-10,-5.219853841451382,-9.364159686514025,2.4942334434258386,25.92526887699783
2000-06-11,-3.919107856272115,-11.184791124682857,4.039074916631214,25.93975399069108
2000-06-12,-2.9386055801320485,-12.151828564012476,4.197534805342168,27.773072357654158
2000-06-13,-2.3460395833230656,-13.13074919293948,4.792434086930673,29.3339434430666
2000-06-14,-1.5718892651597984,-11.893171273797568,3.423810165538955,28.88387253759836
2000-06-15,-2.6430281877787887,-12.351376958205204,4.028814533571352,26.99438603062307
2000-06-16,-3.264517365559346,-10.32901445441781,4.787987099239045,26.97322043639939
2000-06-17,-1.894273757195351,-9.65061015787853,5.829969181738614,29.406309372670478
2000-06-18,-0.5576069878916887,-10.457755407958842,4.0770711550384755,28.93806498892833
2000-06-19,0.5773002836478947,-10.578090240348557,3.1132247562962396,31.55146533955018
2000-06-20,-0.9662098884736983,-10.199979707549549,4.3165121327624245,29.97878578259303
2000-06-21,-0.9707398219743492,-11.60544325137371,3.5026232101213015,28.972172078415774
2000-06-22,-1.1643868839887745,-12.527834804216889,2.9824520567312103,29.159953400705383
2000-06-23,-1.46064527642024,-12.999754811909279,2.967635440927438,30.041819970430154
2000-06-24,-1.1906387979755424,-13.778794721695043,3.3369634806878685,30.130854459912918
2000-06-25,-3.470677379613498,-12.561216833336571,2.2083800454363725,29.898501450090755
2000-06-26,-3.81914317273225,-12.952474278288502,0.12639367314902916,29.45261569165521
2000-06-27,-5.8606617506170355,-13.686840464739328,-0.8496693177762994,28.144392021779883
2000-06-28,-5.982842037772163,-12.569132004302631,0.5966717447163282,29.43728260351269
2000-06-29,-7.4818688854585655,-12.571334921934762,0.7023556322579835,30.0497431405574
2000-06-30,-8.30029680020603,-13.137219493918963,0.4238611253006931,29.918808340225006
2000-07-01,-7.461234738265355,-14.594021656089431,1.3468110970254994,28.983902818310227
2000-07-02,-7.948876547939944,-15.965333034730389,1.6689367824601642,27.590896485869507
2000-07-03,-7.252242526269004,-15.606596126912093,3.020443667247358,31.450890479559426
2000-07-04,-6.444620040007027,-16.500994362804903,4.052752619274965,31.19570609314021
2000-07-05,-7.612716587214877,-17.40681556244459,3.5962314006250127,31.094139833882583
2000-07-06,-7.6929023450285765,-17.896737441042035,3.8341524866313614,32.58693998621951
2000-07-07,-7.64274012752928,-19.11885563276228,5.418480063388068,32.34756459211688
2000-07-08,-7.998591101475153,-18.604918558071546,5.612504620725161,30.653201140620386
2000-07-09,-6.588557197712456,-17.617973042283072,2.722121805084828,30.63042814501331
2000-07-10,-7.346231756526086,-17.118127497268784,2.032393922363109,29.98961255866069
2000-07-11,-8.459587819148808,-17.182033579876556,1.9824576498258866,31.07503276346296
2000-07-12,-7.428185069139307,-18.22622405459408,1.4525684956997926,31.595736700044856
2000-07-13,-7.322995899087503,-19.057638454376647,0.24123674657148575,31.094975123461655
2000-07-14,-7.004324852439266,-18.368130290705338,1.7135365284175144,29.72931250035689
2000-07-15,-6.592323752369383,-17.403189213407227,1.9596333260622387,29.190099283547422
2000-07-16,-5.933379483136431,-15.835501882464639,2.855822496318213,29.310104824813966
2000-07-17,-7.052966740660118,-16.317467567723174,2.692830065952652,28.597524912698304
2000-07-18,-6.011652174536155,-16.603466107650927,2.687707195097055,28.805614283247518
2000-07-19,-5.2052394216329585,-15.584659412274197,2.703066212208982,28.042453207611004
2000-07-20,-6.563917313961456,-15.891434318193085,2.4675553730094895,27.91323520193346
2000-07-21,-8.390129421725021,-15.187728593778946,4.540662735825128,27.843448401230603
2000-07-22,-9.144117603992079,-15.86802742347005,3.6237747737440094,27.068309839534944
2000-07-23,-9.47136689060222,-15.812968200242738,2.8536621913615297,27.95270462129136
2000-07-24,-9.591583626287422,-16.4286168784501,2.2752177800195232,28.278073306119907
2000-07-25,-9.844937034126739,-16.656912757409803,3.0458366363027762,29.223611729154474
2000-07-26,-11.053247353875902,-16.644833314453525,2.9515100528037608,29.276996221536
2000-07-27,-8.536692173639173,-16.216138162845176,1.9049935680428403,28.730285719735598
2000-07-28,-10.465255835594604,-15.414126049218083,4.272937738796181,29.354824071844302
2000-07-29,-10.011650764311469,-15.351220247703845,5.165928121538114,28.14495801522739
2000-07-30,-9.796562327319252,-14.073746681813496,5.128610803401706,28.54901256238942
2000-07-31,-12.308278432361629,-14.140123449359383,4.954381629444103,28.268916738352054
2000-08-01,-12.933653297168231,-14.13340470209287,5.670003407868315,27.653579832671674
2000-08-02,-14.481909062417325,-13.260845691067223,7.340224933215823,27.919453256795883
2000-08-03,-13.331019618597173,-11.06683582011139,8.37387081478319,27.323652536115844
2000-08-04,-12.62178755204052,-10.664055520955044,10.211518369552955,29.273994112443635
2000-08-05,-11.472100069339914,-10.182032170592901,9.040247579147675,27.22738351851584
2000-08-06,-11.99352625091261,-8.695358884374965,10.36820040678138,26.349107120509306
2000-08-07,-10.192314259149638,-8.076263785895037,8.691220809388927,27.118428340141133
2000-08-08,-8.521876010007947,-8.225954241927685,10.396142727737299,26.40349465205269
2000-08-09,-7.129144849691995,-7.898164701145174,12.088987715592681,23.737725729941477
2000-08-10,-6.873937909928374,-7.662901367771033,11.737619885324591,22.84229836279473
2000-08-11,-6.809975821666483,-5.90032128655965,11.206922445131843,21.586427527966418
2000-08-12,-4.746366718437461,-6.509272745460917,10.74203118386968,22.348633130966466
2000-08-13,-3.6342239651376325,-5.869146713566722,10.648905363062365,22.264425720811257
2000-08-14,-2.9739196951745637,-7.595686616555674,10.705216750706315,23.185473656163396
2000-08-15,-3.1084467136379637,-8.7255552817515,10.513695332877468,24.17824287685673
2000-08-16,-2.1421611131775453,-8.580072618485259,12.002270715778547,23.49277568274641
2000-08-17,-1.647806991309118,-9.950409023807566,11.195501303779286,22.19140810662514
2000-08-18,-2.054085102941362,-10.861072418486362,10.811637123737071,23.676382536391518
2000-08-19,-1.531604535650401,-12.95338237878553,10.995613499720312,25.004530616982745
2000-08-20,-1.5890040289728096,-12.77792816879974,11.019730788516965,24.362865820329063
2000-08-21,0.32347484108685154,-12.652708746459426,9.965486985636083,26.811173455631206
2000-08-22,-0.21257875962284134,-12.284520120368025,10.180994412553146,27.448019315170054
2000-08-23,2.2442175983447408,-12.847540402808601,11.640659579554347,27.7281715267597
2000-08-24,2.1290051895836837,-11.421952494830295,12.84690396107423,28.867710640047594
2000-08-25,3.0812947488741087,-11.248709933325278,10.640874660322417,28.375564120737454
2000-08-26,3.1221666362689153,-11.803702285601775,12.313400316311538,28.50439008589624
2000-08-27,3.280840205630841,-11.556507773198263,11.095730446711741,29.20071940518263
2000-08-28,2.452013182314709,-11.870929639079849,12.552695184616228,28.651720872026452
2000-08-29,2.303610948410555,-11.229136918380501,11.521829926141642,28.93026426565981
2000-08-30,3.7193733865775034,-11.769569549717838,11.306271397624018,28.974207875437017
2000-08-31,4.222079004167822,-10.185875505697377,11.449751127991979,27.531447779493174
2000-09-01,5.264543797589813,-9.800741553743563,11.207161029655335,26.198646306301605
2000-09-02,4.522347473589142,-11.879614659499952,11.455931825720365,26.149645281560005
2000-09-03,4.597445941271761,-12.140422627967919,10.823100065916812,27.606248002307172
2000-09-04,4.7441995535388735,-11.689270425679558,10.887314715583237,28.414875378202545
2000-09-05,5.4492859639714055,-10.521043049343659,10.7167094068539,28.476679119550486
2000-09-06,5.438393028385594,-10.861598753422525,9.579856175172958,29.6597404812856
2000-09-07,3.6727747989423154,-9.594283528638826,9.612771114112833,27.93632112387738
2000-09-08,2.0266264136126297,-10.323613907441802,8.788537407400977,28.388691497662574
2000-09-09,-0.12104491821482943,-11.499512127641411,10.777423567105139,29.14496156190997
2000-09-10,1.1031857394933626,-10.803364017261314,10.419734370023118,28.940999535586382
2000-09-11,2.0823906865078365,-12.795795288979805,9.487573009225336,28.446527762133254
2000-09-12,2.1192421921709585,-12.72633200264532,9.146200271166379,29.40163175517444
2000-09-13,3.611901188540066,-15.542787701343055,7.79640074096978,28.52481505259093
2000-09-14,3.9301993780579467,-14.609427805677402,8.334727946722674,29.81173266514599
2000-09-15,4.098493490075966,-15.919607653503308,9.583401109675584,29.249740145790174
2000-09-16,2.928127036988919,-15.913743638075681,10.487789166814455,27.900490616266076
2000-09-17,3.641028093163934,-15.269406517189438,10.581021399684543,28.995336342308374
2000-09-18,3.0110985155384573,-16.801392067204947,10.814627839414472,27.991677134235125
2000-09-19,3.3727922917527504,-16.91184964439706,11.055821617668963,27.976389638864756
2000-09-20,4.168099644971586,-16.123788410361453,12.481443363800212,28.78495001740978
2000-09-21,4.115181892036308,-14.478048886429978,11.666137412471755,29.932802301003836
2000-09-22,3.8383846209326573,-14.769267732699479,10.36671746345035,31.746670339715696
2000-09-23,3.0979621007554257,-14.918861684020943,10.101263792969041,31.3758906032842
2000-09-24,2.722399478735746,-13.081630972449524,11.73850622411373,30.45948519951451
2000-09-25,2.339112847661017,-13.465038986521702,11.5496117298882,30.868940322602757
2000-09-26,1.2910734610801577,-13.092638401269125,10.761337044216525,30.115413512839012
2000-09-27,0.5784762573082385,-11.981268214019364,10.601312322357357,28.575737149322688
2000-09-28,0.670238949748629,-11.71231396817749,11.578665394646498,29.772822624137223
2000-09-29,2.0325954461060656,-11.06863521200621,11.435099536643264,30.122079221356593
2000-09-30,1.6712767919932356,-10.718283829315563,10.678776789464589,29.971027780506606
2000-10-01,2.4394045346800346,-10.426784498665695,10.17702378869007,29.633379211418585
2000-10-02,2.9012902274212102,-9.749166580492046,10.521010832197105,28.94083642352976
2000-10-03,2.2589657210052954,-9.17693991442153,9.95321431783702,26.594953281320727
2000-10-04,0.9112223025469863,-8.683419927038575,11.687130703458244,26.090453452163892
2000-10-05,0.8568457237715288,-8.322388136682,10.59831140061408,25.061088885693458
2000-10-06,-0.04721807659753763,-9.693137121898252,9.733433368856225,24.77588297066538
2000-10-07,1.607824801426337,-10.439160909797753,10.076911846253898,25.149386139904504
2000-10-08,1.2721567369571751,-9.973552335925609,11.269565850641763,24.906354752461592
2000-10-09,0.5837480715184868,-9.676954376964298,11.002558112060493,25.699613750630625
2000-10-10,-0.1056325051671041,-9.025681643743034,12.113152634344717,25.66098039926771
2000-10-11,-0.9829397611385625,-8.025168358847157,12.092137132774466,25.188615558511525
2000-10-12,-0.05380313702733064,-8.554165070990678,11.166136174397723,27.525863047646695
2000-10-13,1.3078345908750564,-8.049364855697968,12.02242687249645,26.08572784564783
2000-10-14,2.670502174899421,-9.190578847727423,11.949966924193866,25.962186481670134
2000-10-15,2.764237738780595,-7.875586279447299,10.844168827514963,24.991594289801043
2000-10-16,2.7674164391872877,-8.118900727567487,11.354388233413957,24.38982109975274
2000-10-17,3.609917092798605,-8.812243081674408,9.443251001435158,25.95832428586823
2000-10-18,4.443644168301129,-8.294330236147788,9.891308253121352,26.268109273572154
2000-10-19,4.600649408528477,-8.314826417012487,11.259912627753787,26.06093895885907
2000-10-20,5.177241520180064,-8.829438300090025,9.638540123039396,27.523571632892217
2000-10-21,5.262729318826968,-9.23625176724119,9.811386204514573,28.49623842437665
2000-10-22,5.435939610361125,-9.603766453594236,10.92935152141585,29.54297449141093
2000-10-23,6.74467082891791,-8.904992442340978,10.318107024587489,30.17772087051558
2000-10-24,7.3381133876433084,-9.633531466668693,10.232219275605107,31.666453584067654
2000-10-25,7.808501059447853,-9.707071504784157,9.967648265644845,31.002203510373263
2000-10-26,7.422550761066478,-9.55019170666048,7.745316517157824,30.907162259848455
2000-10-27,8.412967387436245,-9.306550308875439,6.143794949093256,30.20532633364441
2000-10-28,5.796764234563787,-10.051467385501796,3.434226071192746,30.81953752034153
2000-10-29,5.395399263197459,-9.818159807767673,3.8104952239961563,29.39395995333836
2000-10-30,5.743228056001619,-9.605959354914352,4.8107344276903135,29.478081364815147
2000-10-31,5.675715900205461,-8.794617937626782,3.0078541586168646,27.865182553787776
2000-11-01,5.088401126387563,-10.406582787801195,2.902957337691278,28.07401153404399
2000-11-02,3.1784337571058154,-10.208878541049765,2.695124640696349,29.660921167313585
2000-11-03,3.6959371193589536,-10.40576390297781,3.378758861539115,28.395616383857455
2000-11-04,2.7115354441368407,-10.53724392895718,4.649754841226272,27.497438392879697
2000-11-05,2.5013910126035204,-9.72755826533159,5.048372342657171,26.93466055241933
2000-11-06,2.7090647626986977,-9.54262743847873,4.934632415276309,26.80093046881968
2000-11-07,4.130682260744046,-9.593294720376349,5.340119023570983,25.20145032945138
2000-11-08,4.5017451350362965,-10.114722309007037,4.655623209876199,24.830150375821873
2000-11-09,4.216210210450208,-9.206917569881732,5.451910882788592,25.74036239189946
2000-11-10,2.5217997958063685,-10.940509212794666,7.084566443941784,24.4225303405578
2000-11-11,2.7239719626208068,-9.154009418303099,7.831904160824376,24.160499193654864
2000-11-12,3.4235219157788275,-10.636679462023128,7.8548149356626045,24.279847172358025
2000-11-13,3.898529211667366,-10.244569430434844,8.70587452882735,25.039918501479082
2000-11-14,3.9180031784736604,-9.750970773444328,7.104926389003954,25.121712457733558
2000-11-15,3.7904331607065758,-7.806215941303011,7.578411621467983,25.074848560826748
2000-11-16,2.1943310005331123,-6.893384745837808,8.035553883483699,24.23655511878102
2000-11-17,2.5982255640673535,-5.786439682636047,6.779496695885926,24.643667103245413
2000-11-18,1.5040440313830141,-5.731063340350436,8.451273358968496,24.305610035535118
2000-11-19,-0.09624669851341605,-6.048383491593615,9.934060476464696,24.9396390710862
2000-11-20,0.5785597051634573,-6.171631719156487,9.307980891119966,25.478589264367006
2000-11-21,1.030920054462741,-6.710165320659289,10.26644808527283,27.015658927075172
2000-11-22,1.6120535931887825,-7.174185702653902,10.60257611215751,27.266881790475743
2000-11-23,0.7256365207693872,-7.3547382564572885,12.522505432232757,28.979170838517074
2000-11-24,2.191900081107615,-8.09426018312962,13.722243130531867,29.190160332509688
2000-11-25,2.0726675695105565,-7.684551431437526,15.512109957817799,27.653914317227272
2000-11-26,2.3343475168030206,-9.333249446901378,15.415776226466102,28.91429123376254
2000-11-27,1.9501717450462772,-10.372099330871333,17.045928402663378,28.525447210340555
2000-11-28,1.1702094702904011,-10.022760522194154,16.720921389621445,26.834720902682168
2000-11-29,1.761586901518137,-11.882782931531173,17.19088897268807,26.14362176891848
2000-11-30,3.9366451133415805,-12.466607458775533,16.93963017779796,25.993044066793168
2000-12-01,2.826888995886968,-11.500655905134558,15.780744591086183,26.179263858072723
2000-12-02,3.958451641852197,-11.967065136986822,17.500931214345147,27.505367306520938
2000-12-03,3.693474103043277,-12.150108893265326,15.865095997654889,26.21326559750009
2000-12-04,3.0648269935570442,-12.868169223645973,14.98854619288557,28.08697718547559
2000-12-05,5.413904914480545,-13.249217141816692,16.347929965101894,26.73501418858181
2000-12-06,5.499079784796631,-12.543169278499645,15.449574627574354,27.601648336149832
2000-12-07,5.535011986235196,-12.82121067502961,12.428702272607929,27.077808932891433
2000-12-08,5.679652923064799,-13.139230260507645,14.017179422491857,27.370334207865113
2000-12-09,6.5333384947834015,-13.40853476644344,14.70939954555088,28.568668645977596
2000-12-10,5.93586191273129,-13.557354901230854,15.654803197825936,26.39594433468126
2000-12-11,3.5079942610573562,-13.65675489722796,14.868390696706218,25.46749045434685
2000-12-12,3.422789743503124,-13.64411037549299,13.872645869841369,26.44224736849074
2000-12-13,2.6766693635826915,-13.796076314914695,12.373578472434776,27.942383430169677
2000-12-14,1.7237279799711558,-14.32879023259183,11.862084353786635,28.235174944840956
2000-12-15,2.9867338024780747,-14.233896198459586,12.755480693447563,29.435457646829114
2000-12-16,3.237449196228238,-12.895885487613146,14.078656920331262,31.577284889186707
2000-12-17,3.112073910796283,-12.510562046349301,14.783680639118394,31.03533702522119
2000-12-18,3.431684077807422,-11.77416798537616,13.768471137602702,31.22296090793366
2000-12-19,3.102732171345779,-11.219574607615918,13.441208208567144,31.68283053532804
2000-12-20,2.7778877964630904,-11.596343003592898,14.834131382122635,31.286154617393905
2000-12-21,3.052831657245191,-12.765187824284506,14.983698848481678,32.34500978118831
2000-12-22,2.692266534132456,-13.828277216493957,14.821444174281657,33.81864203306058
2000-12-23,2.5726286873635202,-12.819841870848416,14.833925073739117,32.64303556030076
2000-12-24,2.833569069061897,-13.958919382553947,14.951762243890343,32.4349125963191
2000-12-25,2.3888127926630567,-14.87621797631579,13.90218101354916,32.50867418957023
2000-12-26,2.1312265076124532,-14.317372684535917,15.335829321193557,32.36840019614951
2000-12-27,2.93810118636127,-14.459682968804156,15.945228979460392,32.98071181676667
2000-12-28,1.8684581052599243,-14.891819176056329,16.94024027029003,33.77415147308162
2000-12-29,2.5752148920607687,-12.58548891369762,17.041420872530352,36.062479758950076
2000-12-30,2.0529423602274592,-13.036498022085407,16.614462400766495,36.45132508409516
2000-12-31,1.733762812661109,-13.182405062691494,19.4774344481527,36.91985368063705
2001-01-01,0.8628200950945144,-13.189975293795317,21.070528438998352,35.84945765380281
2001-01-02,0.8353634213181785,-11.856031793078097,19.698118696392438,35.474995045477264
2001-01-03,0.5135381147961975,-12.486422046645217,20.019261523195155,36.20048056819118
2001-01-04,0.7088112538860138,-13.610624001182071,20.894020126502554,36.3545530741938
2001-01-05,1.670792443250384,-13.25842646098888,22.205423029977155,35.09176404036025
2001-01-06,0.00558692881128664,-13.56513367046049,22.430158822425167,36.3895038640029
2001-01-07,0.4030518401810798,-12.987804912364776,22.969066536011518,36.750860764192396
2001-01-08,0.15917565662407715,-13.559230715967269,22.56590658961338,36.102688450003214
2001-01-09,0.24777235293188643,-13.628386734756067,21.89458005591219,35.72053707324446
2001-01-10,-0.4178157433860403,-12.777287808966067,20.41544811702388,35.89905290040787
2001-01-11,0.14862933517352045,-15.303749349324924,20.763506415677085,35.50738181377603
2001-01-12,0.8113428772016829,-16.305213012524412,20.930750290687236,34.71520925799038
2001-01-13,0.9257343400381945,-16.371704991360506,19.668731410272194,35.62932158522334
2001-01-14,1.7002650793130547,-15.72037520910833,18.93909809136975,35.1386914567128
2001-01-15,-0.3306194502292854,-17.804219720315995,18.55575478754174,35.46770259235515
2001-01-16,-0.14939619972612225,-18.3914060339351,16.279461688535182,35.657950903412974
2001-01-17,-0.7130302179508222,-19.756462651339117,15.051500429690988,35.51763284910527
2001-01-18,-0.36668149582978393,-20.6942516275544,14.95155618035174,35.63288921864915
2001-01-19,1.294834474416653,-20.2590664394845,14.946751378413797,35.89033380018953
2001-01-20,1.4567822734770843,-19.421614473925207,15.507826551434462,35.753212622637015
2001-01-21,2.632168016415795,-20.47845803258366,16.805996547247126,36.003471028947224
2001-01-22,1.2333527416010894,-21.093831705849638,16.414934898085605,36.46699074546231
2001-01-23,0.573779280344962,-20.391304787212835,16.917688643260917,35.61999846788658
2001-01-24,0.979459552713468,-18.6713118916343,17.57318636083989,35.79118656757999
2001-01-25,-0.23142217953314925,-19.49426896157373,18.30201938025185,34.06379900792477
2001-01-26,0.6673387262115985,-19.210690423798635,18.237254881246084,33.17413480943552
2001-01-27,0.23158023670974398,-20.503983661844998,18.300087136346793,30.344388784153125
2001-01-28,-1.2055962590479807,-19.152520434231345,20.219600412428605,30.86431391243957
2001-01-29,-1.3668685154573406,-19.187590756413577,19.935437131075428,30.108951420262567
2001-01-30,-3.095731521191383,-19.89190544636646,19.658611835757686,30.878132222257335
2001-01-31,-3.4180594776870734,-19.327369299205106,20.705077767884777,32.12308753308
2001-02-01,-4.028501555302618,-18.448330405681823,20.82957364227698,31.791258656613227
2001-02-02,-3.7607199243878866,-18.61295622880994,20.34086748296876,29.95053042212553
2001-02-03,-3.480521709932911,-18.843613905414045,20.20659210630029,30.602310755190935
2001-02-04,-3.1358635367607133,-17.617320925605117,20.349444189115893,30.7219993227138
2001-02-05,-3.241040698483408,-18.00578559934581,18.772289541085076,29.00802515414264
2001-02-06,-4.05758506328972,-18.846464887402398,19.429067755999196,28.038026371943936
2001-02-07,-2.5801787878790465,-19.21226477612687,18.638234213042338,28.03334426731758
2001-02-08,-0.11842689096925163,-18.837420710997154,17.752089735392552,27.09489338726395
2001-02-09,-0.944670411188268,-19.01673283688276,19.278884668301547,26.291124095455984
2001-02-10,-0.49566713272031004,-18.06587165243706,20.0205021933735,25.56452893231342
2001-02-11,-0.5070319373365862,-16.44927787061717,18.714526891028218,26.133239725011705
2001-02-12,0.5433358542222481,-15.946470799593579,21.43470432153027,24.381197037225988
2001-02-13,0.886711193489166,-15.596158499795806,22.001628732957176,25.899974480111048
2001-02-14,0.9416082308900495,-16.734962641191103,21.122595144246755,26.431017452869636
2001-02-15,1.0693826502648456,-14.853605704249667,20.431480650773555,26.32748736380251
2001-02-16,1.1224219197440148,-13.726699887422578,20.028221952521037,25.077730086278432
2001-02-17,1.5813354253945842,-13.284243039267746,18.37559224838018,26.27858429696426
2001-02-18,2.2511348435653007,-12.353261183436906,17.566928533412444,26.17735136394708
2001-02-19,1.4383057898213156,-13.134892724710012,18.219624339286277,26.527366160675125
2001-02-20,0.5954646264482607,-12.250698532521849,17.484712836276355,26.681915038140723
2001-02-21,1.4566434747180392,-11.995085882404023,17.09424843942857,25.32077571312804
2001-02-22,1.3336520123668705,-12.712168546955555,19.063007505710743,26.032908134321293
2001-02-23,1.378624026244245,-13.806172071945046,18.847707942206984,26.18704141326342
2001-02-24,1.2824227963397319,-14.164788817678867,18.001279836876673,26.5142462849184
2001-02-25,2.5168591971504632,-13.204039884607464,17.98316488896938,25.796970089505308
2001-02-26,2.4130991697969866,-12.642426701502608,17.800914639410173,25.174295833633803
2001-02-27,2.451944279972119,-10.854237567480297,16.97884662181398,26.072744138589428
2001-02-28,2.2097727257361695,-11.338413464708609,19.387580455482382,25.852006021571267
2001-03-01,2.028193947435444,-9.901806094801655,19.521523132976824,26.028158122549314
2001-03-02,2.8959465134993465,-9.765086233842045,20.760988866518392,25.50691657849839
2001-03-03,2.892214652534927,-9.589904951546046,20.489343216447335,25.933642088784463
2001-03-04,2.5090508644927674,-10.339734703999193,21.190917348158674,24.526496070367443
2001-03-05,1.8625614493616727,-11.470392424598849,19.55436857812101,24.223289339588902
2001-03-06,1.3616225329539255,-12.298090165150443,20.546390161286705,24.381132703172806
2001-03-07,1.2947580342070315,-10.391575056078745,21.237446858270054,23.968705596381824
2001-03-08,3.094187758498797,-11.416868294381933,21.50080970846767,24.191311398355694
2001-03-09,2.3705164053634933,-10.942255305082409,23.46106248840295,25.536934972056468
2001-03-10,1.3775983283370414,-11.486619350489029,22.905878921296082,25.24897425754981
2001-03-11,0.38326395999360563,-10.454637824206712,24.331044345824353,26.756752271248175
2001-03-12,2.01115647332539,-10.847712759372389,26.119360747062395,28.062747743074294
2001-03-13,-0.04794354074127716,-10.376642231021426,27.126189830732905,29.34653629183735
2001-03-14,1.1729071898589998,-10.534737428663037,26.90819698049792,30.153094265264624
2001-03-15,0.4891998686663108,-10.41736291007419,26.506309365855547,31.55199240413195
2001-03-16,0.21091278060244673,-9.041143172376097,29.276664354082676,31.35071941826816
2001-03-17,1.724686853231648,-9.029937363340629,30.721520823967637,31.346473682230247
2001-03-18,0.5361195880506147,-6.831437602732716,30.457511965003125,31.945415433431936
2001-03-19,-0.1503747029346787,-7.231089844897076,29.394449906749493,31.25583648292556
2001-03-20,-0.3363002855250652,-6.540143331437058,27.863015414414573,31.537605313777206
2001-03-21,0.39263201798547953,-9.298770968163517,27.160894390985035,31.590785286577916
2001-03-22,1.252229818004081,-10.468519387869879,26.521385534536616,32.21525442784293
2001-03-23,2.183445780201304,-11.592911772651872,26.549274929856974,31.138201699882035
2001-03-24,1.0226390237398209,-13.188720095874725,25.92372434323133,29.794585039579644
2001-03-25,1.4032495306562365,-12.744468131602561,27.23443104936064,31.032421996023338
2001-03-26,0.3833497966308792,-12.406952010594466,28.12968849122848,29.848747424483967
2001-03-27,-0.12492094878681936,-11.388939379163446,27.147602144200185,31.13089943849378
2001-03-28,-0.07684916151187571,-10.11409052495474,26.7608961280692,30.608662138809564
2001-03-29,1.3466259056230219,-10.75400348729583,27.231014147642302,29.761643632642766
2001-03-30,0.8550680518554211,-12.729503647716083,27.594647093788577,28.798850795353108
2001-03-31,-0.21596203164290528,-13.116349964058095,27.8348584251364,29.583644075561377
2001-04-01,0.926691127003694,-14.011264629344048,27.074478465407896,29.808812813385472
2001-04-02,0.10532957756761918,-13.791213893290532,26.34282914630692,30.169351468179627
2001-04-03,1.2334832653039736,-13.624065254437877,27.47503039187426,30.233928584468966
2001-04-04,2.73128872105925,-13.992856336223294,26.65403142090376,30.191963186912652
2001-04-05,2.3794875546772434,-14.80509288141777,24.952420265767763,29.463214689625776
2001-04-06,4.3468571394023545,-15.16485940443187,24.37442775457278,30.57371719692573
2001-04-07,4.111434179278969,-17.791300365909073,25.640762938429738,29.734075793031415
2001-04-08,3.704310040357106,-18.959493419843085,26.22668590301341,31.56760745798277
2001-04-09,4.224235908215806,-20.06926107325106,26.576847409729055,29.878932152335146
2001-04-10,4.287480162734504,-21.184939383279065,28.721045170360142,28.47381877608622
2001-04-11,2.4139652600259813,-21.656035609715488,27.38399663984994,27.94608947253894
2001-04-12,2.71895191457685,-22.983635468820015,26.88656450265694,27.61380050532513
2001-04-13,2.117411489132981,-23.359133593537894,27.092287039606024,25.61933975923096
2001-04-14,2.6387722595488383,-24.193807877980817,28.321214909360393,23.744764592092082
2001-04-15,2.7266645717494558,-25.10352281208644,28.112862058057985,23.951816818684744
2001-04-16,3.5450503025683133,-25.726237970057923,28.14501222607551,23.37000524066413
2001-04-17,4.383752825488355,-24.994793515590644,28.48652104965499,23.57218605742353
2001-04-18,4.795538061740238,-23.872002910933247,27.24331266563818,22.71075767541931
2001-04-19,3.7875675524863635,-22.572401216807283,28.306164011814165,23.465516225922478
2001-04-20,2.56142434913847,-21.466077371791933,27.964941640272233,22.946699558203974
2001-04-21,2.6138316557971666,-20.68685844125039,28.120260707396987,21.988570726471277
2001-04-22,2.797103340499741,-22.66214107511071,28.153829787110222,22.733192020610414
2001-04-23,2.2977754420767678,-22.773789241039996,26.729332880040126,22.6882271846051
2001-04-24,0.7718665094570039,-23.2273805324116,26.903216284514542,21.781718680053583
2001-04-25,0.5996205119569077,-22.47703895873992,27.202857029811735,20.61942255729044
2001-04-26,1.0418819030080078,-23.02815554175335,26.682983842422036,20.130107612936374
2001-04-27,0.8376176986781954,-24.91560526259748,26.89242147336213,21.962534138190055
2001-04-28,1.95583244311659,-24.923508042722304,26.879345943492368,21.487808587307555
2001-04-29,1.8332866496220372,-23.820847279469177,27.383990255459846,19.86897516085796
2001-04-30,2.2867143122610667,-24.434899004258554,27.177673374921895,19.393666690129297
2001-05-01,1.401332990433732,-25.494714232644878,27.126532868155564,20.504254096053888
2001-05-02,1.9719419324656102,-25.28175908393066,27.120661139292046,19.36191851030152
2001-05-03,3.193697987060712,-26.137648692385227,28.47834069720417,19.294614763248177
2001-05-04,3.3446989551823676,-25.96658547545286,27.908315482891012,19.629297314904647
2001-05-05,2.697359230618101,-26.65568299418134,27.59034547075007,17.60076565540317
2001-05-06,3.916132485272122,-26.684116568461082,28.889532532331668,16.140254380478495
2001-05-07,4.468015678030884,-25.35827751769352,27.27969042828962,17.74772252010852
2001-05-08,3.9771096370169734,-25.97674357926914,26.490652278908215,18.180114573391833
2001-05-09,3.5727832437453717,-24.427377504335585,28.045756679759155,17.08042795142059
2001-05-10,3.3758571609794195,-24.9045872287881,27.347654579812726,17.65057163107832
2001-05-11,3.7217736696472388,-24.61265833681014,28.85704317673237,18.10957680917803
2001-05-12,4.141344703968446,-24.860136875485864,30.226442777133414,18.831751229107386
2001-05-13,3.0806634794988126,-22.375071811517447,31.890881615841852,18.747988464195235
2001-05-14,4.259663575146407,-22.904487264871214,32.28580622308025,18.579081299294764
2001-05-15,2.9727134790104595,-24.573243452096477,31.909759885406203,19.503513693334302
2001-05-16,3.1648555220360786,-23.915084279581436,31.298756028811997,19.081178499202945
2001-05-17,1.589457693218017,-22.48999747710704,30.482712756373434,18.66606559297751
2001-05-18,1.201702273165413,-21.093006941379894,30.273887185150464,17.986933705433295
2001-05-19,2.902175828056424,-20.721868476413395,29.621555170900905,19.028656965460705
2001-05-20,0.576075729799364,-19.79784125398076,32.242747272782374,18.657617109400558
2001-05-21,-0.9749016575234932,-18.39023778001618,33.50898128019648,17.42611328344507
2001-05-22,-0.8308809367020434,-19.375049122955936,31.685348582192642,17.259749960582994
2001-05-23,-2.1475750338386415,-18.970634372093123,31.075823815211937,19.615700938009372
2001-05-24,-1.8325198054878058,-19.716088025839625,31.258996010665744,19.112793276098486
2001-05-25,-3.259077148203952,-18.85827738706842,30.78720560286398,19.17909180035245
2001-05-26,-4.60325756200907,-18.718506286240554,32.10603444789947,18.818099073655638
2001-05-27,-4.01229935901369,-18.55463787171513,32.09437944050776,19.85734635217717
2001-05-28,-3.156010798967192,-17.644199821664227,31.86762549263993,18.823727885191882
2001-05-29,-2.00465099226765,-16.479496587913395,31.749758925453307,19.217579624218732
2001-05-30,-2.94333888358785,-16.1717953655753,31.670231944073542,17.205967067432844
2001-05-31,-4.403551028392516,-16.895084388390064,31.886683005076044,17.075553410690432
2001-06-01,-4.6620992182440775,-18.502723795384203,30.643466086040405,17.363500238338162
2001-06-02,-5.414844369995244,-19.587457403324656,32.702288918340756,15.80850642006685
2001-06-03,-5.618785403340384,-21.186865656473103,33.23837960449533,16.53526023956828
2001-06-04,-4.467904403295271,-21.99877074023898,33.66291690166129,16.93505898522179
2001-06-05,-3.696656537423496,-21.795854542838036,35.30255041668963,16.640128362063145
2001-06-06,-5.566380780064012,-21.865836185627458,34.97409342008003,16.38972777060767
2001-06-07,-4.661354512249307,-23.169394938258066,35.469043799971054,15.837351749802263
2001-06-08,-5.29781364352268,-21.58166497505774,35.331488800360624,15.349753586601775
2001-06-09,-6.789518497830685,-21.202766523355542,36.45059859639845,15.556986295695532
2001-06-10,-6.745875780088436,-21.267709169222528,35.39729788091574,16.57356345644788
2001-06-11,-5.044453513481069,-20.97954723187778,34.838428684825324,17.217366425138728
2001-06-12,-3.2635051165183473,-21.304143313721813,33.12391939640638,17.338719064529293
2001-06-13,-3.160747440925218,-21.713823229769996,32.187726060363026,18.77581768614406
2001-06-14,-5.996160346183323,-22.153673978688893,32.03420255009738,18.75151053361482
2001-06-15,-7.177182113555563,-21.871194305772356,31.58895837190324,18.798416104578624
2001-06-16,-5.914506125299077,-20.81267518698041,31.375972965162944,19.114329689323164
2001-06-17,-6.2024257548967405,-20.321695166764787,29.73744216597151,19.552218083778243
2001-06-18,-6.2800881716239365,-20.219967166480163,31.036034019296626,20.445920451381188
2001-06-19,-8.045246687037327,-19.178346560183243,31.90316128915121,19.05568614962532
2001-06-20,-7.2988862474059895,-19.62907218129774,33.68713043662714,20.717341645792114
2001-06-21,-8.662705446161745,-20.129976253982825,32.535378708605236,21.173870430541385
2001-06-22,-7.297161228035771,-21.360223354855094,33.21920334358335,20.591720524926835
2001-06-23,-7.545869956709508,-20.817696388850315,34.055055113036445,21.082129876311477
2001-06-24,-7.104579945727195,-21.797734952943845,32.8579259401596,19.105625678755768
2001-06-25,-8.280178576105886,-20.33999855322982,33.53878790574927,20.03531794150942
2001-06-26,-8.137876369787605,-20.203624394115945,33.7578952776987,20.951583155379794
2001-06-27,-7.169707899399486,-19.363121921108448,34.90456295140026,20.62980218394272
2001-06-28,-7.273424558532155,-20.42696987770353,34.58127016270174,21.368984090500316
2001-06-29,-7.389809657313274,-21.229249048852555,33.35164594236395,20.899151076737418
2001-06-30,-8.065104099978663,-21.24052580422682,34.22399600936266,20.478064442283944
2001-07-01,-7.5963944527761305,-20.242324377671693,35.054016494500495,19.561813393283074
2001-07-02,-7.142812548606191,-19.98752395067019,35.091797811306236,19.676304430186484
2001-07-03,-7.762021499016174,-20.33303254708458,33.44627633350322,19.40487460621334
2001-07-04,-7.00656962017234,-20.39654014051244,33.86741710838592,19.745942964397063
2001-07-05,-5.126807671022332,-20.8927004559771,32.92977873110398,19.48897831636869
2001-07-06,-5.373534323550056,-21.02859566535663,33.67325712338879,20.72173197355992
2001-07-07,-5.8304692351085965,-21.221778001827232,31.835099852849407,21.904732175329155
2001-07-08,-6.29280357099765,-20.943006325528764,32.502696375896114,20.83218545413493
2001-07-09,-5.7580365268267135,-21.680968670204027,33.24193939307241,20.33915698441334
2001-07-10,-4.838991297911955,-21.788582661689627,31.14329335138696,21.77886592196752
2001-07-11,-4.414700209450638,-21.129706359922658,30.784420131054564,22.637357449343547
2001-07-12,-2.7129656438223497,-21.258691702570136,31.589272454467636,23.32330838068984
2001-07-13,-3.731420262640576,-22.80032712914731,31.603476976948933,23.070245406581023
2001-07-14,-4.537110138524385,-22.17419326759732,31.095931807059504,23.23721791142674
2001-07-15,-4.981300998411243,-22.86453777028169,31.060684944996673,25.088459968933954
2001-07-16,-5.303609644869992,-22.807826164302526,30.990724475322743,25.800058638945156
2001-07-17,-6.329628793380449,-22.06316465957083,29.655868363725556,24.989981769246405
2001-07-18,-6.339770403235953,-20.830244078359247,28.4763159536178,25.501948470591
2001-07-19,-6.523327436223305,-20.076268632974315,26.47618392561796,24.574973196681796
2001-07-20,-5.88686189931164,-20.381873561590425,26.58916795074477,25.54065840844043
2001-07-21,-6.364973988710505,-19.62179625712531,26.364048962257343,25.310277032691495
2001-07-22,-4.9779402171618825,-18.687226885804463,25.996742806252392,25.756011554043408
2001-07-23,-4.194687159732812,-18.776486071599123,25.060281814550034,24.677585005969586
2001-07-24,-3.390503193412681,-20.773680625568993,23.887362998914554,25.71393194632503
2001-07-25,-1.9913496972610198,-20.61247673046754,23.408495336300604,26.20593242880535
2001-07-26,-1.4567368003730623,-20.495528112318564,24.635494477244627,28.02228845166895
2001-07-27,-1.0135547779960712,-21.237209530335157,23.564071322357112,29.40930188092383
2001-07-28,-0.6870355224402056,-23.16576179003956,23.012674161670816,27.716861974142606
2001-07-29,-0.8006440683988454,-22.918421682391518,22.801037829752985,27.86871101454185
2001-07-30,0.5376539456787675,-22.449163662251046,21.74528518519161,27.986422548594703
2001-07-31,0.8408977085779406,-21.401840042085375,21.733098742260907,27.761048280107456
2001-08-01,2.034145489826993,-22.05171107757906,20.81328605701891,27.19820600023366
2001-08-02,1.7666396852699568,-23.087210061083045,22.054531351649146,27.528723129957594
2001-08-03,1.7911279323412996,-22.98318130806099,20.11987906033083,29.06810792072331
2001-08-04,2.9749294873918903,-24.176812988249974,20.351299865623552,29.583486496703603
2001-08-05,2.696907471165117,-23.850893149941854,20.13470326783543,28.77855558279254
2001-08-06,3.1599630097088958,-24.72193553705614,19.68542252729627,30.417408819077824
2001-08-07,2.1635567885858897,-24.580368751609274,18.474177827994023,31.16979859318164
2001-08-08,1.1592890597631245,-25.33518989594678,19.091048216846957,31.31914042285582
2001-08-09,1.0887510111343575,-26.427971252071053,18.917903070848872,31.36566272747572
2001-08-10,0.2506337504548588,-25.0944233163993,17.457560551053955,30.491098829063535
2001-08-11,0.2420529892895145,-26.20901086718424,16.929995408392173,30.389774584810304
2001-08-12,-0.032459427008900504,-25.462110141345075,15.63056356074618,30.873537089672187
2001-08-13,-0.3939128869347256,-25.07761174696926,14.709132875182316,30.723532700395758
2001-08-14,0.7702890290868868,-24.390542133696542,15.141771754550723,30.223731269868303
2001-08-15,-0.9912094855727057,-23.52361874925348,14.846818977304016,29.422930665494505
2001-08-16,-0.07248576749020308,-23.341755786522327,14.372306412350198,30.207301301369732
2001-08-17,0.09617457405689855,-23.7047415262463,14.510281340923399,29.558066224891746
2001-08-18,1.422568774306467,-23.853521371087165,13.831764746501083,29.14086784966384
2001-08-19,0.5372176588341397,-22.68722403232974,12.170804661639593,30.05981810316821
2001-08-20,1.51109804125049,-23.612825779046197,13.395750858452766,30.32975767581625
2001-08-21,2.990741016708027,-25.11948988958552,11.893432845614507,31.063716744820518
2001-08-22,1.8108163024791113,-23.466315609325136,12.406663297779764,31.34639044817425
2001-08-23,1.6690324933084009,-23.432167092983683,12.306178304351505,31.505120492314006
2001-08-24,3.002430363621068,-24.32429585811609,12.735925962950617,30.964722591361994
2001-08-25,-0.3922853801467965,-22.994749051084366,12.821530250368237,30.86617662981731
2001-08-26,-0.5731454423311633,-23.880377620706597,12.804958287761318,32.02507330952237
2001-08-27,-2.382704615502348,-23.527073669563894,13.758835368452186,33.234205891554154
2001-08-28,-3.926670520742971,-24.722283046272825,12.845681122660123,34.58790317426678
2001-08-29,-4.188213678411529,-24.31179224290754,12.935668520938693,35.01631093864092
2001-08-30,-4.445395479495023,-23.72570937158936,12.465297379217931,35.30124284906454
2001-08-31,-2.2323509078252814,-23.476821074942546,11.44933474511172,36.05458825684562
2001-09-01,-0.9355916579248373,-24.995795760878263,10.593827141428786,36.30489793981418
2001-09-02,-0.010510272000942233,-26.561200565961126,10.613363943317166,36.437089770922405
2001-09-03,0.4851015633809713,-25.037907297394547,9.593344710405137,36.85691466033124
2001-09-04,0.7297834968944207,-25.539407722037886,10.185842324136887,37.29202342136026
2001-09-05,0.9501082107410425,-26.059116032411396,10.172072638435733,38.635633746108965
2001-09-06,-0.0861247915261415,-26.455078456547675,9.737461149468864,38.47383990150019
2001-09-07,0.6932239798170821,-27.415669624587686,9.060909848103423,38.42209733961273
2001-09-08,-0.42745284986096355,-26.735820034245428,9.994082066490872,38.55573146321959
2001-09-09,-1.3625429381785819,-26.49811836438133,8.439886568220377,40.269064394673734
2001-09-10,-0.538763058745516,-25.99885440136908,9.359207553562884,42.848541364484895
2001-09-11,-1.7469113035441648,-25.452460144728633,8.431013489329812,42.71927799637979
2001-09-12,-1.3718824181885043,-26.048755889171037,8.511763586706302,42.52205734634051
2001-09-13,-0.16909596586161912,-25.872087522675955,8.737871180600846,43.59303943760251
2001-09-14,0.5683616377598276,-25.801662128589463,7.809383633795491,43.68340488757313
2001-09-15,1.599318360875564,-25.518335792220764,8.033660327911702,43.358359788517355
2001-09-16,0.9534455658786389,-25.733351959135874,9.545458213926148,41.7377533334948
2001-09-17,0.4455431974068622,-24.61807807908655,8.028309237644715,42.136905110820145
2001-09-18,0.8644627297529869,-23.36486736909789,8.279208298804177,40.888998476320374
2001-09-19,2.8268425617485984,-23.97891332440436,7.436516039654973,40.21018132003919
2001-09-20,4.164650780193556,-23.891597388185968,6.538416682022515,40.2748452539695
2001-09-21,3.251861743945672,-24.02033202770748,8.86362873258561,40.839325740968185
2001-09-22,4.345961213911414,-24.191491827472817,8.604408302463941,43.78884989188456
2001-09-23,5.240573316977023,-24.73658557438367,8.578849430023915,45.1992948381916
2001-09-24,4.822962309416591,-25.83937136846311,9.144691463281273,46.742275294019876
2001-09-25,6.636522363857507,-26.30841830510455,9.060974485701154,47.216773068951895
2001-09-26,4.01915117268287,-26.486962852292454,9.509902387214163,46.964605870222265
2001-09-27,2.965734820121906,-27.235540352814485,10.103650618576308,46.891304183231945
2001-09-28,3.195572429562735,-27.138448008477432,10.284877640853669,46.17076660036848
2001-09-29,3.7538778598747427,-26.17784664604064,9.742184710162539,48.467489909854244
2001-09-30,5.276195408183343,-27.365116044047706,9.067262064745684,48.68773343605124
2001-10-01,6.7029332788238705,-28.293077514466713,8.258465943197285,47.86513070199631
2001-10-02,8.058018543193812,-27.94718456136001,8.337649663458935,45.76323898000699
2001-10-03,9.187151837354799,-26.59473686142045,9.59072032780591,45.75108301912368
2001-10-04,8.17210655441702,-25.21056121799284,9.28649694096655,44.993518501952266
2001-10-05,8.09562174433657,-24.18616950441461,10.327929552436549,45.60785582730178
2001-10-06,7.767084639739205,-23.975972905352222,8.11989271852714,46.021110931711384
2001-10-07,8.042653241476005,-22.358972615145454,7.751216360795049,45.41064419148053
2001-10-08,8.014402545235905,-21.91740190438968,9.325723033125136,45.64601471664769
2001-10-09,7.22668361257123,-21.57471409605329,9.994560518655021,44.98664241035008
2001-10-10,8.169739050463706,-22.000611650460062,9.050251331099442,45.615463800746916
2001-10-11,8.628330775296401,-21.931251423535706,9.151121543352696,45.67833599417606
2001-10-12,8.656154462584404,-23.23153491334729,7.4713328865459445,47.643981104047704
2001-10-13,8.404401975741127,-21.481265506012246,6.610431136534707,48.772628782604585
2001-10-14,8.245734715544517,-20.50120787507729,6.298978231093501,48.319972013915674
2001-10-15,7.284353851925166,-20.75928534017433,7.101189482801908,48.00122568859164
2001-10-16,5.005539751055237,-20.14764874068796,6.089277536886163,48.65516344712705
2001-10-17,4.47394605348184,-20.670003758199353,6.670892152149641,49.40792252066631
2001-10-18,3.1153890198523406,-21.562142347557113,8.091760469425944,49.22660940319536
2001-10-19,3.086727478674977,-20.324909317605165,8.334423560156065,50.91872390623616
2001-10-20,2.7475455855909967,-19.534673974930087,7.827769411330597,52.84782612089018
2001-10-21,4.465350590715202,-20.753235113728795,8.31161904067152,54.21615231479045
2001-10-22,4.753463338567256,-22.55136508612199,9.349340890727808,55.34020578340952
2001-10-23,2.919180532279452,-21.00433727194989,9.543524003255465,56.443426689794684
2001-10-24,1.7297428604710956,-21.51306875442969,8.583604464779402,56.414832438029336
2001-10-25,2.085079499327773,-20.372221467828393,9.790413919691524,55.288185645804475
2001-10-26,1.4452148526415034,-22.73554107101381,9.793429155473707,55.81502923316061
2001-10-27,2.302063914687058,-22.905935135947253,10.65805993725793,56.57231662697647
2001-10-28,3.526800956367994,-23.39946498007212,11.292129350989121,57.62254144573925
2001-10-29,2.2548627826040457,-22.36466303756422,8.238146866373551,55.913634623139735
2001-10-30,2.2529214227027725,-22.486044067058813,8.680486279369854,54.12914071966195
2001-10-31,2.8253994679267134,-22.061661378877716,8.39623322325979,55.48226634958687
2001-11-01,0.7675254097760682,-21.53776412210628,9.043471528216322,55.769376983180805
2001-11-02,-0.9690485853951336,-21.752944789343708,10.724409365353713,54.57497351680779
2001-11-03,-1.5360495737232385,-19.652312300814184,9.963373821374587,51.046208572096575
2001-11-04,-1.5678576710639833,-18.253752508496795,10.04940913200298,50.363837380392944
2001-11-05,-2.6217767842122273,-16.554894932124927,9.843097798000896,50.466406300382715
2001-11-06,-2.660760365504939,-16.888253994777646,10.207638791103161,50.67678337675678
2001-11-07,-1.64995989209113,-18.323958942147218,10.624574916222658,50.180566319787054
2001-11-08,0.43467774512009405,-19.974298231857468,12.520358207493937,50.63375040948703
2001-11-09,1.2884396844465162,-19.322304114425144,12.413048372087303,49.73441876521379
2001-11-10,2.742693645508279,-18.636170834070466,12.262442327886928,49.19206054721433
2001-11-11,3.139792347285888,-18.11617483633933,11.031375581873219,50.13102436415916
2001-11-12,3.7874629721107755,-17.812305000892056,11.732458874434428,50.44443214084523
2001-11-13,3.9458792038677832,-18.406398625755475,12.404893590061802,48.71166553171241
2001-11-14,2.8582490606903495,-18.380336511729766,12.948005885974116,49.22191857394759
2001-11-15,2.994706260585976,-19.013824398932414,12.527755221169778,49.14851994209529
2001-11-16,3.582753904839708,-19.680756349685424,12.54409216568999,49.07775861699056
2001-11-17,3.2847876271203678,-20.739059721405535,11.048179555148355,48.83312516938362
2001-11-18,1.7922133092486787,-21.428986494943896,10.755062934920954,48.10743718794261
2001-11-19,0.9813305503121872,-21.284814110907206,10.775711740195751,47.97706613055926
2001-11-20,0.9869344100205119,-22.60542102108033,11.400998382591839,47.650994261395994
2001-11-21,3.065035867090113,-22.776066069372437,12.667900666771768,48.42654325709877
2001-11-22,3.411385631834792,-22.627295161355523,13.561573316517778,47.368700508100645
2001-11-23,3.652221753263713,-22.44209182812539,12.32399492403613,47.93934103868099
2001-11-24,3.859523225710911,-23.471882050875713,11.67330075178832,48.08932965588787
2001-11-25,5.18566831462798,-24.256042695503595,12.316046894081412,47.97809762727828
2001-11-26,7.10299704974701,-23.652097479682112,11.841322840919972,45.96624797314766
2001-11-27,5.824265035811916,-22.078527069313186,13.408446276594189,47.03455537493933
2001-11-28,7.081234364877064,-21.012124622725427,14.16192948428447,47.32009718464996
2001-11-29,8.100696983356121,-20.407483992841424,14.050075139024468,47.45258890443733
2001-11-30,8.075478325317137,-21.73549050743382,13.76367494838484,46.8669535184037
2001-12-01,8.953627847385095,-21.75026079028503,15.542814484326836,48.85667845445909
2001-12-02,9.355022441999978,-22.419030994234117,15.48597482466957,49.08500629675876
2001-12-03,9.658515083953949,-22.773566826678973,14.452958507615103,49.53095422836986
2001-12-04,10.18420390282867,-22.850954788964863,13.157102924811905,51.34075238266515
2001-12-05,8.422441881277573,-22.856975762216184,14.384568076750519,51.51656029049793
2001-12-06,8.17601229218527,-23.815710394312568,13.392710063125472,50.740287615523286
2001-12-07,7.443265493490862,-23.959064971905615,12.808548490249276,51.26290924729298
2001-12-08,7.3661439519473495,-24.22802451504367,10.919712278933579,51.49081334262286
2001-12-09,8.034768172035173,-24.616879074720952,9.928509436584854,52.07850128021266
2001-12-10,7.335162389094479,-23.355940633791672,6.893128034982816,50.445320727082375
2001-12-11,6.961664496046136,-23.320214738167675,8.432531638111255,50.41070376166244
2001-12-12,5.686461168544126,-23.248795702464818,6.89500703026482,50.131858390720375
2001-12-13,5.667967968212559,-24.536679385691222,5.67197514863302,49.61844825146662
2001-12-14,5.875539803541376,-24.50402869764625,6.889677344565859,50.10678413617017
2001-12-15,4.83101128488956,-24.18887301291063,7.331670563775977,49.35030781717208
2001-12-16,4.954231988071076,-23.895107894147973,6.271998657394869,49.68464136381103
2001-12-17,6.479903359832598,-24.425960235474946,6.800150360146905,50.117248013031606
2001-12-18,6.686348748774022,-24.714715920086327,6.8325200761665705,50.263768657851266
2001-12-19,6.79719717989704,-25.901680328227922,7.5158816538755335,49.754909163646055
2001-12-20,4.994151202726372,-26.30154279991439,8.250046007361876,48.95404477071077
2001-12-21,5.628010669056236,-27.006877927846755,8.770069446530751,48.08404709627899
2001-12-22,5.557500584219294,-26.38823788469179,9.267993822220916,47.95224977801152
2001-12-23,4.142065910576012,-26.069988538091057,10.498930422517786,46.69374121817121
2001-12-24,4.756028853904502,-27.24772545617906,10.748672323661069,47.43741639790092
2001-12-25,4.570418916554063,-27.661179444726343,11.177479177771913,48.72276035466523
2001-12-26,3.8433712258620747,-28.644032607375088,10.428331957480415,47.48753879038406
2001-12-27,2.7148765060860485,-28.655374332232018,9.795198952739366,47.726163569873755
2001-12-28,1.0416357297426853,-27.92005249544758,10.369472424741788,49.929882203468296
2001-12-29,1.331554607788005,-26.566595976441178,9.177059732301487,51.06920828732243
2001-12-30,1.260828902288231,-27.040051924707782,9.61269004323582,50.84582084468759
2001-12-31,1.4447804760914957,-28.178958171246467,10.836016727168072,50.9194147709913
2002-01-01,1.9056779692961883,-28.826637980099694,11.364853760012664,49.96386893092411
2002-01-02,-0.4137328999568324,-28.84162678401836,10.712581170105238,49.43067350990265
2002-01-03,0.7615844173679758,-29.82528802149087,9.06615800195325,49.52936898096662
2002-01-04,-0.7667562125517247,-29.534877881005198,9.048067637320772,47.356618601100415
2002-01-05,-0.21729657831969607,-29.409796682473257,10.028806170217653,47.354268641521365
2002-01-06,1.250216489466829,-28.92373566684283,9.61872918619958,47.349774164495514
2002-01-07,0.9034167274116446,-28.072696618071138,8.509308318023502,45.57447438968777
2002-01-08,-0.25907537732735475,-27.80906854953441,8.421500845904207,47.626390267116314
2002-01-09,-0.2284217614894517,-29.23950577745157,10.24035216419483,47.58876468905459
2002-01-10,-1.4419153085200944,-29.794128057815897,10.379601660866467,48.28434401864855
2002-01-11,-1.8490601826410973,-28.87632873732925,9.985844802270316,47.35604702702228
2002-01-12,-2.1076902437010108,-29.124606489205956,10.547249800144002,49.53853708352479
2002-01-13,-1.5120150628633784,-29.904782354775918,11.55473755449929,48.88105934928794
2002-01-14,-1.5675006004651966,-28.471508395161763,11.156683843339392,48.30385709876545
2002-01-15,-1.8065702962338308,-27.62697869895837,12.620692069261063,46.990843240885596
2002-01-16,-0.3897546990272145,-25.716016996753254,11.532057093759981,46.581233965569695
2002-01-17,0.865976798038173,-25.33386519068615,12.28363971569491,47.032281051514815
2002-01-18,0.5643021722356765,-25.717676253740176,10.60658395783915,47.442773770832055
2002-01-19,-0.21142079875591968,-27.049510021490878,10.188207149140176,46.983207146588434
2002-01-20,0.36835145440289696,-27.34166162480095,8.601967394840239,47.712920380277055
2002-01-21,1.4191793925784388,-27.622002098675146,9.808035488697136,49.07885846836833
2002-01-22,0.41945240857441324,-27.36866980550747,9.361859247101902,49.39931487163694
2002-01-23,0.2961508145625618,-28.754793295241846,9.477800866073245,49.34609830191799
2002-01-24,0.6130372860969178,-29.053445716499184,9.684139953595245,49.40803235688342
2002-01-25,0.5927619381104877,-29.353884478273958,8.870211683828495,48.07702296191292
2002-01-26,1.8160436172149415,-30.557714812161205,8.934623428832325,47.840643496322556
2002-01-27,0.7575434923033615,-30.12816978790147,10.58055315396827,48.304256608428986
2002-01-28,1.8893333584955074,-30.80957847705427,9.259430234439446,48.63527822630811
2002-01-29,1.7310312967353545,-30.04514151573409,7.632648515165117,48.57921202494186
2002-01-30,2.4132056108476823,-29.78888048154157,8.29099624253932,48.54393687698246
2002-01-31,2.3000435893080793,-29.055468746829646,8.386579986729062,47.6720899074226
2002-02-01,2.890597588388731,-28.287103624108852,8.952177033558486,46.95467586250233
2002-02-02,3.0719093150339156,-28.67384917688146,9.790064851594224,47.51990944568136
2002-02-03,1.685918887433844,-30.214009234617397,10.293057028569182,46.265737605609694
2002-02-04,1.8147956355950594,-30.78746025326092,10.838726248026164,46.620745320647444
2002-02-05,1.6655683156553367,-29.23665079580748,11.796729309430901,46.933619417812
2002-02-06,2.0868338033965754,-28.985410662020687,12.715510502585852,49.122859607866395
2002-02-07,2.060726050263473,-30.02039952820564,11.889766919951382,49.34669565937459
2002-02-08,3.182187196001016,-29.66541495439764,12.71488247919979,48.65704905168587
2002-02-09,3.267443111299162,-31.19153944891998,11.007229544635315,49.042115648525616
2002-02-10,1.3211541561203497,-31.003912487291142,12.376325768800902,49.9935269710213
2002-02-11,2.0959855690776648,-29.932945085986926,15.221779264035394,50.77943421217655
2002-02-12,2.7962590830043643,-27.576636105582256,15.971912385684515,49.91884403437433
2002-02-13,1.2213683906728956,-29.257956490991816,13.270961502914155,49.680403245868376
2002-02-14,-0.2203009904628621,-28.93495765480485,13.610343547086654,50.94986620888613
2002-02-15,-0.5326389577059414,-28.994573154446783,12.402051958288157,49.40330724066514
2002-02-16,0.25779518758519804,-29.474582559721423,13.118661636865191,49.29083777995304
2002-02-17,0.5106133141474011,-27.636890787157455,12.955046333452387,47.78882788466192
2002-02-18,2.4152200002998896,-28.52109633278357,13.619884666085172,46.95916050683408
2002-02-19,1.6374232952423173,-26.477836837901986,13.968573583853985,47.08702945754032
2002-02-20,0.9131644205337214,-27.178071581594278,13.255446757573266,47.87382863678984
2002-02-21,2.0446643085142493,-27.47311944863175,12.396089098843156,49.41081078116974
2002-02-22,1.9396388862206737,-29.30451867148959,11.676756955244786,49.63059465785108
2002-02-23,0.4399196673960146,-28.915378365899883,12.53059898352509,49.933215342176716
2002-02-24,-0.17561311815592295,-29.66224001932918,11.491241846403348,50.884451947698665
2002-02-25,-0.4623081116118101,-28.788293677651097,13.194799501827301,50.15738681868369
2002-02-26,-1.7833660395252866,-29.10044909707539,13.56397122060184,50.7981507685591
2002-02-27,-1.5079251586953686,-29.757450194371565,13.633518449157517,50.34810207883658
2002-02-28,-2.463984526503222,-33.290792617240626,12.236666522358872,51.66670527206596
2002-03-01,-1.2868253340283833,-33.56875188793573,13.083955105187774,51.10504270174534
2002-03-02,-3.078267837540832,-34.804032882856,11.195226311572531,50.932818815830345
2002-03-03,-3.4491047829593793,-34.60096642339666,10.810772410942436,50.649509197878444
2002-03-04,-4.365603010530179,-34.64305063654779,9.835220860651113,50.5788772637274
2002-03-05,-5.365968284913196,-33.57046680491644,8.936657436862651,51.69231082080323
2002-03-06,-5.128889107808163,-31.919380274510903,10.405445156763406,51.14413824075154
2002-03-07,-4.389741169394364,-30.55564729698537,9.974866751936624,51.166677440742916
2002-03-08,-3.1655182983152175,-33.276136847187836,9.125586939879597,51.0797253441723
2002-03-09,-4.143351511474159,-34.38843370225681,9.385302947321236,50.65662943007946
2002-03-10,-3.524522738934115,-33.119281038903594,9.139304937428813,50.941727522177096
2002-03-11,-4.250656981846997,-32.70350099579642,7.928852200483686,49.96326907874783
2002-03-12,-5.0145391776340364,-32.72026350028169,9.224065601603586,49.81838330457183
2002-03-13,-5.8847972351004625,-32.465032146721484,9.322074332928922,51.28301078840315
2002-03-14,-7.513450954903833,-32.08454639182807,9.291559809793625,51.54325916327092
2002-03-15,-6.885806775214368,-32.2230816870386,10.73412903109108,51.71289790935764
2002-03-16,-6.335618806095894,-32.641482794574685,8.919469712467079,48.64210529870796
2002-03-17,-6.718168030698302,-30.99703895957888,6.947533946136773,48.962173173978556
2002-03-18,-7.4614051501505925,-30.33541093672566,6.035381909739376,51.14514258646529
2002-03-19,-6.868497968237291,-31.133264547118667,6.335987481035252,49.687969136645954
2002-03-20,-5.792888677665625,-29.7315519831591,5.964932892255209,51.195473692942656
2002-03-21,-6.133875016409378,-28.385484312790624,7.500649467632303,51.48594129012974
2002-03-22,-6.496088283144286,-28.07095645719634,8.97844366414367,51.98850981123453
2002-03-23,-6.727759482360324,-27.890675896824764,8.690607684064704,51.84710478516845
2002-03-24,-7.111576205905227,-27.594858841576002,7.540608220839587,51.27712160516936
2002-03-25,-6.094246226817848,-26.82565501257817,6.059913848764684,51.85440761130162
2002-03-26,-6.287714151491101,-27.051976818083848,5.003188323747775,52.3586908655555
2002-03-27,-7.985399955183126,-26.13586574732753,5.113633408358009,52.70159853858642
2002-03-28,-7.918137257121925,-24.92462533825947,2.7046354186030794,53.59911985502393
2002-03-29,-8.257861476312186,-26.03823328899107,4.921722949264569,52.95018968591471
2002-03-30,-7.758361728098015,-25.93049419075202,3.500098346586374,52.01454069556368
2002-03-31,-8.056461283562234,-25.136730323386043,3.3841340810654095,51.482894713862045
2002-04-01,-7.939048016029286,-26.7590108295837,3.43800534450185,51.39475890469854
2002-04-02,-7.761890421316079,-28.892438972476842,5.072641106884286,52.395149210633235
2002-04-03,-7.694638510131353,-29.48329051318827,4.7685408721503,51.51850734371651
2002-04-04,-7.454472871419975,-29.996104644146232,5.038967785435023,51.66989590660156
2002-04-05,-6.580530537396714,-30.072413394357415,6.9212873176199965,51.71176814707518
2002-04-06,-7.283961742467577,-30.352784360835884,6.66889236454283,51.654157703595175
2002-04-07,-6.516386601503838,-29.807644085729528,5.457696822537533,50.86030452864021
2002-04-08,-6.764059692220547,-29.726323331789764,7.776312757129527,50.52544726104806
2002-04-09,-5.747603128605528,-29.979188461361797,7.95011213180551,49.65861045864207
2002-04-10,-5.47867272172115,-29.779722704472835,7.995133845183193,49.77326274798837
2002-04-11,-4.4245240741203045,-28.59119723417349,7.496235082451678,51.01232896595638
2002-04-12,-4.503105147069778,-27.730773393025466,8.189197174469571,51.1416303834893
2002-04-13,-5.9191653260066275,-26.821407105475,8.93563149515831,51.74536391521955
2002-04-14,-8.238797241151348,-27.254141083662173,7.5053270785847,52.17214036544209
2002-04-15,-7.609899417806743,-27.576634213251143,7.812820367499877,51.81341352062349
2002-04-16,-6.4329419583129335,-29.037993408803686,7.25135475293678,51.107946886844964
2002-04-17,-7.137386881744409,-29.288076070356805,8.109445137504254,50.474455920404594
2002-04-18,-7.30700334507945,-29.584291393429215,8.19225427595373,51.253851102705006
2002-04-19,-8.547210778254943,-29.737797174900802,7.892846298394987,51.97537840371011
2002-04-20,-7.691868348065824,-30.89409444573326,8.380588184766504,50.478731769757324
2002-04-21,-7.370464683848068,-31.29128613687181,6.791506942545047,49.659599803768806
2002-04-22,-8.965370909188417,-31.655289625003704,5.280617706539742,49.93392736484397
2002-04-23,-8.902565782530905,-31.14113969949792,5.947832613774402,51.355639279841014
2002-04-24,-8.319856076410485,-31.83871371419687,6.684545914020845,50.5047475386205
2002-04-25,-7.279125266541199,-32.29424719642549,6.683398366609792,52.127177854491514
2002-04-26,-5.631065408954222,-31.72701763876735,6.028826514947905,53.38480703252716
2002-04-27,-7.0118571731257395,-33.97730414550554,6.336505284344726,53.68422938553751
2002-04-28,-7.0544995077022135,-32.15443802495226,5.411352002677413,55.14689684005479
2002-04-29,-6.549686420177567,-33.796262290065904,5.2635267332478115,53.007280839934786
2002-04-30,-5.635523915953277,-32.13231595408064,3.9908582252345006,52.65378297482085
2002-05-01,-5.452051629055603,-33.4115146921396,4.7945613204661255,52.20269172546238
2002-05-02,-5.398291826885552,-32.65334323386423,4.976812351980849,50.0411472954445
2002-05-03,-4.080139483698742,-33.01402714999969,5.0464238258322505,48.202864643297325
2002-05-04,-3.600344822711124,-33.20771540101209,5.718338376404456,49.01808113405871
2002-05-05,-4.124852309613717,-31.995497013287256,5.7231757796713625,48.03752075034443
2002-05-06,-2.7690272786400314,-30.975025402707463,5.733425855576257,45.2247451981326
2002-05-07,-4.82100822477044,-28.882361145007152,6.39309539836637,45.028894430008066
2002-05-08,-4.610061040833134,-26.82383014804846,6.245715617975373,44.30503905690813
2002-05-09,-4.650621209125691,-26.82597194748217,5.23556701650662,42.988983076219725
2002-05-10,-4.641815070144215,-27.40979877137836,6.538565933984062,41.473582517406385
2002-05-11,-3.047631004334095,-26.419945044432485,5.85371451532337,42.50213015743111
2002-05-12,-1.340395981038521,-27.116723717717946,5.737169463340773,40.732140316231366
2002-05-13,-1.150919947170401,-26.493020134279064,6.303150765372742,41.35317949795028
2002-05-14,-1.5383993669372964,-25.981571512154943,6.476613804815598,41.611439871445505
2002-05-15,-2.2727707252649005,-25.610038465559732,7.04253625645879,42.10216354145364
2002-05-16,-2.7354998028886452,-24.638819061199985,6.5980068545830735,42.003861358811534
2002-05-17,-2.9252787637549003,-23.64696251226105,5.925004551824392,42.78926303531771
2002-05-18,-2.808506977738614,-23.82647686692002,6.718609464775873,44.65177608794818
2002-05-19,-2.92663895647291,-24.0632653235483,7.441140604947134,43.98773791064137
2002-05-20,-1.9016165366803475,-24.25282434885816,8.777330180966807,42.19530367004626
2002-05-21,-2.4736557690198184,-22.773505357593546,8.34731293589232,41.93453656622694
2002-05-22,-1.507123921233213,-22.41021249788892,6.112674712034689,42.580183419784504
2002-05-23,-2.831691762509166,-21.68844912537928,7.099688791622548,42.33355108657401
2002-05-24,-2.8315712192233415,-20.754800522923205,6.081780585146133,41.80291366270738
2002-05-25,-3.54420011078022,-20.901393517581898,5.931825694630581,44.170100464760125
2002-05-26,-3.294605163908325,-23.427133431930784,6.607772903154661,44.36356926406377
2002-05-27,-3.158579340520883,-23.07367593646016,7.651978487175702,45.152569325883846
2002-05-28,-1.6309995795915486,-21.892488122167492,6.757302125457371,45.7395733317695
2002-05-29,-1.6618538369996059,-21.206314201007576,6.842923388090789,44.83048296693169
2002-05-30,-1.396252211395508,-22.029654733138774,7.068879616002359,46.74404254683628
2002-05-31,-1.0159179072704492,-19.65359742595568,8.19616025064427,47.79404991409675
2002-06-01,-1.583491681517966,-21.06432305793185,7.593854016724973,47.921882611353915
2002-06-02,-3.1445670563773973,-22.03756898799945,7.5814044560258775,47.31728043701113
2002-06-03,-4.08761581625638,-23.306788236928078,5.990573992869077,46.994862749648426
2002-06-04,-4.003623836972294,-23.88167328276983,8.415450404040838,47.676330302275574
2002-06-05,-2.6008084984535254,-24.47428635187334,9.074774955274139,47.14611016112754
2002-06-06,-4.261213424160953,-26.15918726440925,9.971850740936155,46.221037262699454
2002-06-07,-4.246598537595809,-26.687889274260854,9.868387560154787,44.68562821303384
2002-06-08,-3.0409488200567383,-28.27529946810768,10.665261182279481,44.67219039992042
2002-06-09,-2.3459507322899418,-27.74548184773747,10.638733127555295,44.775728196834244
2002-06-10,-2.8072224396317202,-27.59949054900935,10.880456708912849,42.76581097004349
2002-06-11,-4.055367659731167,-27.678660748277284,10.409883184698074,42.84739519058878
2002-06-12,-3.0959674327135165,-28.342843206750228,11.342356539251815,41.13806165404909
2002-06-13,-3.6489002863089026,-28.687575915179764,10.752288020647855,43.196647122560385
2002-06-14,-3.868579770785016,-29.01483687222479,10.505248836380558,44.95956855520356
2002-06-15,-5.54139033453697,-27.778550302943618,10.809227263346136,47.209710482321945
2002-06-16,-5.4492276982031855,-27.573708158029316,9.71494243892145,47.14673511724304
2002-06-17,-6.318948611826297,-28.433741425502657,7.763302225797541,45.30447413159343
2002-06-18,-6.313488125175934,-27.211523958329863,7.27580502259691,44.06639897045123
2002-06-19,-6.5179680684409655,-28.438705300474957,7.539528510457869,45.44790666295643
2002-06-20,-7.897938750086086,-26.627882652188752,8.44417961390393,46.807999157259076
2002-06-21,-6.53650256941294,-28.402484808761038,8.169630081085414,47.32561520896899
2002-06-22,-5.357875177277778,-26.688097665894542,7.838638535662748,47.62982235809462
2002-06-23,-5.893876287454358,-26.871390525439562,9.407548175723004,47.87107442108818
2002-06-24,-5.85888200166759,-26.377776957565242,9.4014843143628,48.68284618244938
2002-06-25,-6.175853345435069,-27.38578862423672,10.66824673026746,48.7690663230667
2002-06-26,-6.086393458008565,-27.764147539227444,10.624904187884233,49.23931096364538
2002-06-27,-6.73896261624157,-28.36810988349928,10.726286811372779,50.21142187190748
2002-06-28,-5.887993400880092,-28.081245421938398,11.632615112517223,49.472622158738396
2002-06-29,-5.785525470905207,-28.49073225880054,13.31500768197704,48.47863295510105
2002-06-30,-6.317872100347652,-29.9750277596916,13.971056635267056,49.068954659765744
2002-07-01,-6.834812240931686,-29.88306072195263,13.945711159784087,48.34701959687203
2002-07-02,-5.2183679229101365,-29.182607110777603,12.735410669092582,50.3948876600214
2002-07-03,-4.769710089119668,-29.799262738758642,13.065049548232748,49.374136222443596
2002-07-04,-5.736907943228729,-29.080108105481536,14.09505740302773,48.625579697577884
2002-07-05,-6.7090622622909315,-28.202753410768697,15.427365213285615,48.885045815893584
2002-07-06,-7.091059797380548,-27.89655759566041,15.819652615993405,49.46238006436727
2002-07-07,-6.190931881031322,-29.778610609095807,15.175858844276528,49.802595880983034
2002-07-08,-6.078307255135752,-30.12606236537496,15.800746433064058,50.99455995690689
2002-07-09,-6.734459725755222,-29.941047453581593,16.0342022465966,51.548749528694216
2002-07-10,-6.0163025105713315,-29.14250257795139,18.79578629131634,51.63455972225578
2002-07-11,-7.7168288617496605,-27.946158151174764,20.55800996118893,50.38245154949942
2002-07-12,-9.035331840554868,-29.30869810905893,20.509844974986738,51.0307012692463
2002-07-13,-7.341838693015882,-29.06689092880544,20.1412651879652,50.90312527948617
2002-07-14,-7.707830753522785,-28.908515202090108,19.2927406387991,50.33424302796861
2002-07-15,-6.1514270183030995,-28.669618013329778,17.948660241887975,50.24164928295953
2002-07-16,-5.800932816369339,-28.100386931088288,18.422957186043377,49.939060021134985
2002-07-17,-5.308106813472396,-28.73738932771825,19.796573005800035,50.78458174458713
2002-07-18,-5.816523713931238,-29.305547684175522,19.847908651996356,50.43931774354286
2002-07-19,-5.117927121846001,-28.58169255527222,19.73486162482029,49.72720283210964
2002-07-20,-4.658289574546298,-27.76842003670562,19.84646161151594,49.347781402313835
2002-07-21,-4.249720410649698,-28.120253507386256,20.086401289494336,48.51327615804967
2002-07-22,-2.1858714457152746,-28.750467643529504,20.52023022979288,50.4259690525023
2002-07-23,-2.2130628558086274,-27.93747655317809,20.32271018044273,50.108456018900505
2002-07-24,-3.419858577255611,-26.922327743198977,20.34209960154923,50.889536226367895
2002-07-25,-3.4599647650771588,-26.913731369777658,20.931787943602615,49.43647749799127
2002-07-26,-3.848585411581596,-26.996540129139834,18.98862790423332,50.44798992768035
2002-07-27,-3.6924254087112067,-27.671602804057066,18.921515128363517,50.74427397234622
2002-07-28,-4.082135127676918,-27.288188782728028,19.9009479935711,51.86548908181755
2002-07-29,-4.89767614619124,-27.017957345116585,20.330494193687546,49.62729649862814
2002-07-30,-4.13916282043373,-25.107088389283057,20.38088069547017,48.86763871154278
2002-07-31,-1.8098026372174854,-25.169456986201816,20.558011137633706,47.68075431253189
2002-08-01,-2.7996901420818845,-26.0108931986018,21.969236923879304,48.84927793279619
2002-08-02,-4.419234780549429,-25.47773733965229,20.62888450232699,48.36026148729701
2002-08-03,-5.428448870454713,-24.916864713929442,20.692554706868396,47.78587296511769
2002-08-04,-5.05926081200963,-26.260267757112956,21.74596863674357,47.66074390387046
2002-08-05,-4.251093054587347,-26.684589467628406,22.216041229797913,48.3999638956425
2002-08-06,-5.095987867108917,-25.931400183518473,23.21686779795627,49.716630226813365
2002-08-07,-5.061191555440322,-26.42616921573506,22.2996800818954,49.406222713457225
2002-08-08,-6.025372897124332,-25.267875470233214,21.42340046134891,51.136134866592826
2002-08-09,-4.419542726085051,-24.391976888788864,20.04130930011278,51.75862501864825
2002-08-10,-5.322700092645781,-25.099695310287263,20.639123063173866,51.483024877033635
2002-08-11,-6.06230037267675,-24.243333710640833,20.816662492303756,50.882631831276775
2002-08-12,-5.327409541412177,-22.335621648927386,19.424631624304784,51.53003921929011
2002-08-13,-3.8268001200177695,-20.942494889227277,19.54507304364545,52.92281044304413
2002-08-14,-3.6716445532326563,-21.548355579841083,18.681335656151123,52.942382823908474
2002-08-15,-3.7705452828131127,-21.03870916920212,16.672432412956287,52.85474662887778
2002-08-16,-4.150588160113719,-21.537725452758888,15.409715597573054,53.10240834815681
2002-08-17,-2.2916952853346073,-22.366509665717924,15.294024907730561,54.31718092626524
2002-08-18,-2.0859023488777684,-23.58332854400457,15.701149309669137,52.75755638713993
2002-08-19,-1.7611371677179122,-23.986511347890836,15.391237980788631,54.62391242434949
2002-08-20,-2.377254590051567,-24.323452809132306,15.20959099299787,55.568050386969695
2002-08-21,-2.253060008385405,-26.8969997938682,13.935027331835697,55.32460428160843
2002-08-22,-1.6875833433533183,-28.009066761412182,14.214664073646379,55.06118459317344
2002-08-23,-1.5581622717582961,-27.609664325010833,13.963085637112851,55.154084544050015
2002-08-24,-1.2108411372333339,-27.79951818939151,14.513076503381868,56.37937183782841
2002-08-25,-0.99215608798351,-28.002843513933954,13.391855320816884,55.63148637950017
2002-08-26,-3.446499877836493,-27.636491190094144,14.459026106074907,56.269326703030266
2002-08-27,-3.634029789560512,-26.881939305220545,15.128806751522365,55.23768626683421
2002-08-28,-5.68411973022055,-24.697705044452416,13.335327115377154,55.646347174903305
2002-08-29,-5.63799108014128,-26.35777794064708,13.724605364427394,55.82044865999333
2002-08-30,-5.412964472006867,-27.17308929649582,13.182101232735038,56.22706622571054
2002-08-31,-5.207213628675639,-25.88964658009109,13.426807281456847,55.56159804976617
2002-09-01,-4.08732942547406,-24.294850441478545,14.438648798828439,55.1308882227977
2002-09-02,-3.803664349856511,-23.581808839595258,12.961867961657473,55.48390013195909
2002-09-03,-2.999499283129825,-23.498361659879038,12.336824329541948,54.82730545378842
2002-09-04,-3.027745338438809,-24.123569404290603,11.84717374082013,53.8924480523796
2002-09-05,-4.391619025738752,-22.512912375790567,12.032565947869863,55.72644236401132
2002-09-06,-5.401389557763977,-22.36841737057571,11.4771683537597,54.053594009099086
2002-09-07,-5.561362409445342,-21.109186983102553,11.724234327645162,53.30064570212774
2002-09-08,-7.088316159964234,-21.713669247052536,12.062228164029333,52.95630606880716
2002-09-09,-6.566366619167099,-23.692454230365982,13.068112472040411,51.436101818957894
2002-09-10,-6.5787825328806475,-24.35729662606194,12.435571308670795,52.4801885843216
2002-09-11,-6.1336968933531315,-24.02916792008452,12.417997751381922,53.197135238279174
2002-09-12,-6.077055207698668,-23.92309893032512,11.710710293736247,51.683927543750784
2002-09-13,-5.899886062785051,-24.476459402385792,12.57414532412746,51.63897048738965
2002-09-14,-5.227523702977472,-23.11613105040588,12.907747449867603,53.2053841683579
2002-09-15,-5.106628899088002,-22.988948225852326,13.61878411236313,52.732219570917835
2002-09-16,-4.980910939354232,-22.561247110075367,12.67724532906976,54.05790339388982
2002-09-17,-3.9823726272837563,-21.597611750271604,13.832410669584219,54.23864172404922
2002-09-18,-2.909429572501778,-22.09645500106461,12.137374995000185,54.613458054758624
2002-09-19,-1.8161373704585742,-22.03132786628854,11.342422786551234,56.109577711008285
2002-09-20,-1.813853836654025,-22.38166687457441,10.900299328531284,56.577143422429096
2002-09-21,-1.336528801815581,-23.793067472316757,10.992203161377383,55.25422575703395
2002-09-22,-0.17815278609439655,-23.09200996378412,9.459138593407868,54.47079552272261
2002-09-23,-0.3335388412198434,-23.244296688078403,7.807692745654721,53.319524734510836
2002-09-24,1.7912409063542984,-22.58682746905517,7.226992524292782,51.49728467835414
2002-09-25,1.0732251637407986,-22.956352751055366,8.036984572522334,52.8628260636147
2002-09-26,1.2525953877248877,-23.95838502243952,8.620079816381423,52.62485662685521
